target_IL,target_OL,target_RPS,experiment_IL,experiment_OL,config_matches,max_sustainable_rps,instances_needed,capacity_per_instance,total_capacity,utilization,test_name,scenario,valid,warning
1000.0,300.0,1.0,1000.0,300.0,True,2.0,1,2.0,2.0,50.0,1-15K_300,vary_RPS,True,
1000.0,300.0,2.0,1000.0,300.0,True,2.0,1,2.0,2.0,100.0,1-15K_300,vary_RPS,True,
1000.0,300.0,3.0,1000.0,300.0,True,2.0,2,2.0,4.0,75.0,1-15K_300,vary_RPS,True,
1000.0,300.0,4.0,1000.0,300.0,True,2.0,2,2.0,4.0,100.0,1-15K_300,vary_RPS,True,
1000.0,300.0,6.0,1000.0,300.0,True,2.0,3,2.0,6.0,100.0,1-15K_300,vary_RPS,True,
1000.0,300.0,10.0,1000.0,300.0,True,2.0,5,2.0,10.0,100.0,1-15K_300,vary_RPS,True,
1000.0,150.0,2.0,1000.0,300.0,False,2.0,1,2.0,2.0,100.0,1-15K_300,vary_OL,False,Different OL - estimate assumes same performance characteristics
1000.0,300.0,2.0,1000.0,300.0,True,2.0,1,2.0,2.0,100.0,1-15K_300,vary_OL,False,Different OL - estimate assumes same performance characteristics
1000.0,450.0,2.0,1000.0,300.0,False,2.0,1,2.0,2.0,100.0,1-15K_300,vary_OL,False,Different OL - estimate assumes same performance characteristics
1000.0,600.0,2.0,1000.0,300.0,False,2.0,1,2.0,2.0,100.0,1-15K_300,vary_OL,False,Different OL - estimate assumes same performance characteristics
500.0,300.0,2.0,1000.0,300.0,False,2.0,1,2.0,2.0,100.0,1-15K_300,vary_IL,False,Different IL - estimate assumes same performance characteristics
1000.0,300.0,2.0,1000.0,300.0,True,2.0,1,2.0,2.0,100.0,1-15K_300,vary_IL,False,Different IL - estimate assumes same performance characteristics
1500.0,300.0,2.0,1000.0,300.0,False,2.0,1,2.0,2.0,100.0,1-15K_300,vary_IL,False,Different IL - estimate assumes same performance characteristics
2000.0,300.0,2.0,1000.0,300.0,False,2.0,1,2.0,2.0,100.0,1-15K_300,vary_IL,False,Different IL - estimate assumes same performance characteristics
5000.0,100.0,1.0,5000.0,100.0,True,2.0,1,2.0,2.0,50.0,5K_100-2K,vary_RPS,True,
5000.0,100.0,2.0,5000.0,100.0,True,2.0,1,2.0,2.0,100.0,5K_100-2K,vary_RPS,True,
5000.0,100.0,3.0,5000.0,100.0,True,2.0,2,2.0,4.0,75.0,5K_100-2K,vary_RPS,True,
5000.0,100.0,4.0,5000.0,100.0,True,2.0,2,2.0,4.0,100.0,5K_100-2K,vary_RPS,True,
5000.0,100.0,6.0,5000.0,100.0,True,2.0,3,2.0,6.0,100.0,5K_100-2K,vary_RPS,True,
5000.0,100.0,10.0,5000.0,100.0,True,2.0,5,2.0,10.0,100.0,5K_100-2K,vary_RPS,True,
5000.0,50.0,2.0,5000.0,100.0,False,2.0,1,2.0,2.0,100.0,5K_100-2K,vary_OL,False,Different OL - estimate assumes same performance characteristics
5000.0,100.0,2.0,5000.0,100.0,True,2.0,1,2.0,2.0,100.0,5K_100-2K,vary_OL,False,Different OL - estimate assumes same performance characteristics
5000.0,150.0,2.0,5000.0,100.0,False,2.0,1,2.0,2.0,100.0,5K_100-2K,vary_OL,False,Different OL - estimate assumes same performance characteristics
5000.0,200.0,2.0,5000.0,100.0,False,2.0,1,2.0,2.0,100.0,5K_100-2K,vary_OL,False,Different OL - estimate assumes same performance characteristics
2500.0,100.0,2.0,5000.0,100.0,False,2.0,1,2.0,2.0,100.0,5K_100-2K,vary_IL,False,Different IL - estimate assumes same performance characteristics
5000.0,100.0,2.0,5000.0,100.0,True,2.0,1,2.0,2.0,100.0,5K_100-2K,vary_IL,False,Different IL - estimate assumes same performance characteristics
7500.0,100.0,2.0,5000.0,100.0,False,2.0,1,2.0,2.0,100.0,5K_100-2K,vary_IL,False,Different IL - estimate assumes same performance characteristics
10000.0,100.0,2.0,5000.0,100.0,False,2.0,1,2.0,2.0,100.0,5K_100-2K,vary_IL,False,Different IL - estimate assumes same performance characteristics
5000.0,500.0,1.7,5000.0,500.0,True,3.4,1,3.4,3.4,50.0,5K_500,vary_RPS,True,
5000.0,500.0,3.4,5000.0,500.0,True,3.4,1,3.4,3.4,100.0,5K_500,vary_RPS,True,
5000.0,500.0,5.1,5000.0,500.0,True,3.4,2,3.4,6.8,75.0,5K_500,vary_RPS,True,
5000.0,500.0,6.8,5000.0,500.0,True,3.4,2,3.4,6.8,100.0,5K_500,vary_RPS,True,
5000.0,500.0,10.2,5000.0,500.0,True,3.4,3,3.4,10.2,100.0,5K_500,vary_RPS,True,
5000.0,500.0,17.0,5000.0,500.0,True,3.4,5,3.4,17.0,100.0,5K_500,vary_RPS,True,
5000.0,250.0,3.4,5000.0,500.0,False,3.4,1,3.4,3.4,100.0,5K_500,vary_OL,False,Different OL - estimate assumes same performance characteristics
5000.0,500.0,3.4,5000.0,500.0,True,3.4,1,3.4,3.4,100.0,5K_500,vary_OL,False,Different OL - estimate assumes same performance characteristics
5000.0,750.0,3.4,5000.0,500.0,False,3.4,1,3.4,3.4,100.0,5K_500,vary_OL,False,Different OL - estimate assumes same performance characteristics
5000.0,1000.0,3.4,5000.0,500.0,False,3.4,1,3.4,3.4,100.0,5K_500,vary_OL,False,Different OL - estimate assumes same performance characteristics
2500.0,500.0,3.4,5000.0,500.0,False,3.4,1,3.4,3.4,100.0,5K_500,vary_IL,False,Different IL - estimate assumes same performance characteristics
5000.0,500.0,3.4,5000.0,500.0,True,3.4,1,3.4,3.4,100.0,5K_500,vary_IL,False,Different IL - estimate assumes same performance characteristics
7500.0,500.0,3.4,5000.0,500.0,False,3.4,1,3.4,3.4,100.0,5K_500,vary_IL,False,Different IL - estimate assumes same performance characteristics
10000.0,500.0,3.4,5000.0,500.0,False,3.4,1,3.4,3.4,100.0,5K_500,vary_IL,False,Different IL - estimate assumes same performance characteristics
5000.0,200.0,2.7,5000.0,200.0,True,5.4,1,5.4,5.4,50.0,5K_200,vary_RPS,True,
5000.0,200.0,5.4,5000.0,200.0,True,5.4,1,5.4,5.4,100.0,5K_200,vary_RPS,True,
5000.0,200.0,8.100000000000001,5000.0,200.0,True,5.4,2,5.4,10.8,75.00000000000001,5K_200,vary_RPS,True,
5000.0,200.0,10.8,5000.0,200.0,True,5.4,2,5.4,10.8,100.0,5K_200,vary_RPS,True,
5000.0,200.0,16.200000000000003,5000.0,200.0,True,5.4,4,5.4,21.6,75.00000000000001,5K_200,vary_RPS,True,
5000.0,200.0,27.0,5000.0,200.0,True,5.4,5,5.4,27.0,100.0,5K_200,vary_RPS,True,
5000.0,100.0,5.4,5000.0,200.0,False,5.4,1,5.4,5.4,100.0,5K_200,vary_OL,False,Different OL - estimate assumes same performance characteristics
5000.0,200.0,5.4,5000.0,200.0,True,5.4,1,5.4,5.4,100.0,5K_200,vary_OL,False,Different OL - estimate assumes same performance characteristics
5000.0,300.0,5.4,5000.0,200.0,False,5.4,1,5.4,5.4,100.0,5K_200,vary_OL,False,Different OL - estimate assumes same performance characteristics
5000.0,400.0,5.4,5000.0,200.0,False,5.4,1,5.4,5.4,100.0,5K_200,vary_OL,False,Different OL - estimate assumes same performance characteristics
2500.0,200.0,5.4,5000.0,200.0,False,5.4,1,5.4,5.4,100.0,5K_200,vary_IL,False,Different IL - estimate assumes same performance characteristics
5000.0,200.0,5.4,5000.0,200.0,True,5.4,1,5.4,5.4,100.0,5K_200,vary_IL,False,Different IL - estimate assumes same performance characteristics
7500.0,200.0,5.4,5000.0,200.0,False,5.4,1,5.4,5.4,100.0,5K_200,vary_IL,False,Different IL - estimate assumes same performance characteristics
10000.0,200.0,5.4,5000.0,200.0,False,5.4,1,5.4,5.4,100.0,5K_200,vary_IL,False,Different IL - estimate assumes same performance characteristics
6000.0,100.0,2.6,6000.0,100.0,True,5.2,1,5.2,5.2,50.0,6K_100,vary_RPS,True,
6000.0,100.0,5.2,6000.0,100.0,True,5.2,1,5.2,5.2,100.0,6K_100,vary_RPS,True,
6000.0,100.0,7.800000000000001,6000.0,100.0,True,5.2,2,5.2,10.4,75.0,6K_100,vary_RPS,True,
6000.0,100.0,10.4,6000.0,100.0,True,5.2,2,5.2,10.4,100.0,6K_100,vary_RPS,True,
6000.0,100.0,15.600000000000001,6000.0,100.0,True,5.2,3,5.2,15.600000000000001,100.0,6K_100,vary_RPS,True,
6000.0,100.0,26.0,6000.0,100.0,True,5.2,5,5.2,26.0,100.0,6K_100,vary_RPS,True,
6000.0,50.0,5.2,6000.0,100.0,False,5.2,1,5.2,5.2,100.0,6K_100,vary_OL,False,Different OL - estimate assumes same performance characteristics
6000.0,100.0,5.2,6000.0,100.0,True,5.2,1,5.2,5.2,100.0,6K_100,vary_OL,False,Different OL - estimate assumes same performance characteristics
6000.0,150.0,5.2,6000.0,100.0,False,5.2,1,5.2,5.2,100.0,6K_100,vary_OL,False,Different OL - estimate assumes same performance characteristics
6000.0,200.0,5.2,6000.0,100.0,False,5.2,1,5.2,5.2,100.0,6K_100,vary_OL,False,Different OL - estimate assumes same performance characteristics
3000.0,100.0,5.2,6000.0,100.0,False,5.2,1,5.2,5.2,100.0,6K_100,vary_IL,False,Different IL - estimate assumes same performance characteristics
6000.0,100.0,5.2,6000.0,100.0,True,5.2,1,5.2,5.2,100.0,6K_100,vary_IL,False,Different IL - estimate assumes same performance characteristics
9000.0,100.0,5.2,6000.0,100.0,False,5.2,1,5.2,5.2,100.0,6K_100,vary_IL,False,Different IL - estimate assumes same performance characteristics
12000.0,100.0,5.2,6000.0,100.0,False,5.2,1,5.2,5.2,100.0,6K_100,vary_IL,False,Different IL - estimate assumes same performance characteristics
200.0,1000.0,8.5,200.0,1000.0,True,17.0,1,17.0,17.0,50.0,200_1K,vary_RPS,True,
200.0,1000.0,17.0,200.0,1000.0,True,17.0,1,17.0,17.0,100.0,200_1K,vary_RPS,True,
200.0,1000.0,25.5,200.0,1000.0,True,17.0,2,17.0,34.0,75.0,200_1K,vary_RPS,True,
200.0,1000.0,34.0,200.0,1000.0,True,17.0,2,17.0,34.0,100.0,200_1K,vary_RPS,True,
200.0,1000.0,51.0,200.0,1000.0,True,17.0,3,17.0,51.0,100.0,200_1K,vary_RPS,True,
200.0,1000.0,85.0,200.0,1000.0,True,17.0,5,17.0,85.0,100.0,200_1K,vary_RPS,True,
200.0,500.0,17.0,200.0,1000.0,False,17.0,1,17.0,17.0,100.0,200_1K,vary_OL,False,Different OL - estimate assumes same performance characteristics
200.0,1000.0,17.0,200.0,1000.0,True,17.0,1,17.0,17.0,100.0,200_1K,vary_OL,False,Different OL - estimate assumes same performance characteristics
200.0,1500.0,17.0,200.0,1000.0,False,17.0,1,17.0,17.0,100.0,200_1K,vary_OL,False,Different OL - estimate assumes same performance characteristics
200.0,2000.0,17.0,200.0,1000.0,False,17.0,1,17.0,17.0,100.0,200_1K,vary_OL,False,Different OL - estimate assumes same performance characteristics
100.0,1000.0,17.0,200.0,1000.0,False,17.0,1,17.0,17.0,100.0,200_1K,vary_IL,False,Different IL - estimate assumes same performance characteristics
200.0,1000.0,17.0,200.0,1000.0,True,17.0,1,17.0,17.0,100.0,200_1K,vary_IL,False,Different IL - estimate assumes same performance characteristics
300.0,1000.0,17.0,200.0,1000.0,False,17.0,1,17.0,17.0,100.0,200_1K,vary_IL,False,Different IL - estimate assumes same performance characteristics
400.0,1000.0,17.0,200.0,1000.0,False,17.0,1,17.0,17.0,100.0,200_1K,vary_IL,False,Different IL - estimate assumes same performance characteristics
4000.0,100.0,3.5,4000.0,100.0,True,7.0,1,7.0,7.0,50.0,4K_100,vary_RPS,True,
4000.0,100.0,7.0,4000.0,100.0,True,7.0,1,7.0,7.0,100.0,4K_100,vary_RPS,True,
4000.0,100.0,10.5,4000.0,100.0,True,7.0,2,7.0,14.0,75.0,4K_100,vary_RPS,True,
4000.0,100.0,14.0,4000.0,100.0,True,7.0,2,7.0,14.0,100.0,4K_100,vary_RPS,True,
4000.0,100.0,21.0,4000.0,100.0,True,7.0,3,7.0,21.0,100.0,4K_100,vary_RPS,True,
4000.0,100.0,35.0,4000.0,100.0,True,7.0,5,7.0,35.0,100.0,4K_100,vary_RPS,True,
4000.0,50.0,7.0,4000.0,100.0,False,7.0,1,7.0,7.0,100.0,4K_100,vary_OL,False,Different OL - estimate assumes same performance characteristics
4000.0,100.0,7.0,4000.0,100.0,True,7.0,1,7.0,7.0,100.0,4K_100,vary_OL,False,Different OL - estimate assumes same performance characteristics
4000.0,150.0,7.0,4000.0,100.0,False,7.0,1,7.0,7.0,100.0,4K_100,vary_OL,False,Different OL - estimate assumes same performance characteristics
4000.0,200.0,7.0,4000.0,100.0,False,7.0,1,7.0,7.0,100.0,4K_100,vary_OL,False,Different OL - estimate assumes same performance characteristics
2000.0,100.0,7.0,4000.0,100.0,False,7.0,1,7.0,7.0,100.0,4K_100,vary_IL,False,Different IL - estimate assumes same performance characteristics
4000.0,100.0,7.0,4000.0,100.0,True,7.0,1,7.0,7.0,100.0,4K_100,vary_IL,False,Different IL - estimate assumes same performance characteristics
6000.0,100.0,7.0,4000.0,100.0,False,7.0,1,7.0,7.0,100.0,4K_100,vary_IL,False,Different IL - estimate assumes same performance characteristics
8000.0,100.0,7.0,4000.0,100.0,False,7.0,1,7.0,7.0,100.0,4K_100,vary_IL,False,Different IL - estimate assumes same performance characteristics
400.0,400.0,16.25,400.0,400.0,True,32.5,1,32.5,32.5,50.0,400_400,vary_RPS,True,
400.0,400.0,32.5,400.0,400.0,True,32.5,1,32.5,32.5,100.0,400_400,vary_RPS,True,
400.0,400.0,48.75,400.0,400.0,True,32.5,2,32.5,65.0,75.0,400_400,vary_RPS,True,
400.0,400.0,65.0,400.0,400.0,True,32.5,2,32.5,65.0,100.0,400_400,vary_RPS,True,
400.0,400.0,97.5,400.0,400.0,True,32.5,3,32.5,97.5,100.0,400_400,vary_RPS,True,
400.0,400.0,162.5,400.0,400.0,True,32.5,5,32.5,162.5,100.0,400_400,vary_RPS,True,
400.0,200.0,32.5,400.0,400.0,False,32.5,1,32.5,32.5,100.0,400_400,vary_OL,False,Different OL - estimate assumes same performance characteristics
400.0,400.0,32.5,400.0,400.0,True,32.5,1,32.5,32.5,100.0,400_400,vary_OL,False,Different OL - estimate assumes same performance characteristics
400.0,600.0,32.5,400.0,400.0,False,32.5,1,32.5,32.5,100.0,400_400,vary_OL,False,Different OL - estimate assumes same performance characteristics
400.0,800.0,32.5,400.0,400.0,False,32.5,1,32.5,32.5,100.0,400_400,vary_OL,False,Different OL - estimate assumes same performance characteristics
200.0,400.0,32.5,400.0,400.0,False,32.5,1,32.5,32.5,100.0,400_400,vary_IL,False,Different IL - estimate assumes same performance characteristics
400.0,400.0,32.5,400.0,400.0,True,32.5,1,32.5,32.5,100.0,400_400,vary_IL,False,Different IL - estimate assumes same performance characteristics
600.0,400.0,32.5,400.0,400.0,False,32.5,1,32.5,32.5,100.0,400_400,vary_IL,False,Different IL - estimate assumes same performance characteristics
800.0,400.0,32.5,400.0,400.0,False,32.5,1,32.5,32.5,100.0,400_400,vary_IL,False,Different IL - estimate assumes same performance characteristics
20.0,1600.0,2.5,20.0,1600.0,True,5.0,1,5.0,5.0,50.0,20_2-3K,vary_RPS,True,
20.0,1600.0,5.0,20.0,1600.0,True,5.0,1,5.0,5.0,100.0,20_2-3K,vary_RPS,True,
20.0,1600.0,7.5,20.0,1600.0,True,5.0,2,5.0,10.0,75.0,20_2-3K,vary_RPS,True,
20.0,1600.0,10.0,20.0,1600.0,True,5.0,2,5.0,10.0,100.0,20_2-3K,vary_RPS,True,
20.0,1600.0,15.0,20.0,1600.0,True,5.0,3,5.0,15.0,100.0,20_2-3K,vary_RPS,True,
20.0,1600.0,25.0,20.0,1600.0,True,5.0,5,5.0,25.0,100.0,20_2-3K,vary_RPS,True,
20.0,800.0,5.0,20.0,1600.0,False,5.0,1,5.0,5.0,100.0,20_2-3K,vary_OL,False,Different OL - estimate assumes same performance characteristics
20.0,1600.0,5.0,20.0,1600.0,True,5.0,1,5.0,5.0,100.0,20_2-3K,vary_OL,False,Different OL - estimate assumes same performance characteristics
20.0,2400.0,5.0,20.0,1600.0,False,5.0,1,5.0,5.0,100.0,20_2-3K,vary_OL,False,Different OL - estimate assumes same performance characteristics
20.0,3200.0,5.0,20.0,1600.0,False,5.0,1,5.0,5.0,100.0,20_2-3K,vary_OL,False,Different OL - estimate assumes same performance characteristics
10.0,1600.0,5.0,20.0,1600.0,False,5.0,1,5.0,5.0,100.0,20_2-3K,vary_IL,False,Different IL - estimate assumes same performance characteristics
20.0,1600.0,5.0,20.0,1600.0,True,5.0,1,5.0,5.0,100.0,20_2-3K,vary_IL,False,Different IL - estimate assumes same performance characteristics
30.0,1600.0,5.0,20.0,1600.0,False,5.0,1,5.0,5.0,100.0,20_2-3K,vary_IL,False,Different IL - estimate assumes same performance characteristics
40.0,1600.0,5.0,20.0,1600.0,False,5.0,1,5.0,5.0,100.0,20_2-3K,vary_IL,False,Different IL - estimate assumes same performance characteristics
5000.0,20.0,2.5,5000.0,20.0,True,5.0,1,5.0,5.0,50.0,5-8K_20,vary_RPS,True,
5000.0,20.0,5.0,5000.0,20.0,True,5.0,1,5.0,5.0,100.0,5-8K_20,vary_RPS,True,
5000.0,20.0,7.5,5000.0,20.0,True,5.0,2,5.0,10.0,75.0,5-8K_20,vary_RPS,True,
5000.0,20.0,10.0,5000.0,20.0,True,5.0,2,5.0,10.0,100.0,5-8K_20,vary_RPS,True,
5000.0,20.0,15.0,5000.0,20.0,True,5.0,3,5.0,15.0,100.0,5-8K_20,vary_RPS,True,
5000.0,20.0,25.0,5000.0,20.0,True,5.0,5,5.0,25.0,100.0,5-8K_20,vary_RPS,True,
5000.0,10.0,5.0,5000.0,20.0,False,5.0,1,5.0,5.0,100.0,5-8K_20,vary_OL,False,Different OL - estimate assumes same performance characteristics
5000.0,20.0,5.0,5000.0,20.0,True,5.0,1,5.0,5.0,100.0,5-8K_20,vary_OL,False,Different OL - estimate assumes same performance characteristics
5000.0,30.0,5.0,5000.0,20.0,False,5.0,1,5.0,5.0,100.0,5-8K_20,vary_OL,False,Different OL - estimate assumes same performance characteristics
5000.0,40.0,5.0,5000.0,20.0,False,5.0,1,5.0,5.0,100.0,5-8K_20,vary_OL,False,Different OL - estimate assumes same performance characteristics
2500.0,20.0,5.0,5000.0,20.0,False,5.0,1,5.0,5.0,100.0,5-8K_20,vary_IL,False,Different IL - estimate assumes same performance characteristics
5000.0,20.0,5.0,5000.0,20.0,True,5.0,1,5.0,5.0,100.0,5-8K_20,vary_IL,False,Different IL - estimate assumes same performance characteristics
7500.0,20.0,5.0,5000.0,20.0,False,5.0,1,5.0,5.0,100.0,5-8K_20,vary_IL,False,Different IL - estimate assumes same performance characteristics
10000.0,20.0,5.0,5000.0,20.0,False,5.0,1,5.0,5.0,100.0,5-8K_20,vary_IL,False,Different IL - estimate assumes same performance characteristics
5000.0,10.0,2.5,5000.0,10.0,True,5.0,1,5.0,5.0,50.0,5-8K_10,vary_RPS,True,
5000.0,10.0,5.0,5000.0,10.0,True,5.0,1,5.0,5.0,100.0,5-8K_10,vary_RPS,True,
5000.0,10.0,7.5,5000.0,10.0,True,5.0,2,5.0,10.0,75.0,5-8K_10,vary_RPS,True,
5000.0,10.0,10.0,5000.0,10.0,True,5.0,2,5.0,10.0,100.0,5-8K_10,vary_RPS,True,
5000.0,10.0,15.0,5000.0,10.0,True,5.0,3,5.0,15.0,100.0,5-8K_10,vary_RPS,True,
5000.0,10.0,25.0,5000.0,10.0,True,5.0,5,5.0,25.0,100.0,5-8K_10,vary_RPS,True,
5000.0,5.0,5.0,5000.0,10.0,False,5.0,1,5.0,5.0,100.0,5-8K_10,vary_OL,False,Different OL - estimate assumes same performance characteristics
5000.0,10.0,5.0,5000.0,10.0,True,5.0,1,5.0,5.0,100.0,5-8K_10,vary_OL,False,Different OL - estimate assumes same performance characteristics
5000.0,15.0,5.0,5000.0,10.0,False,5.0,1,5.0,5.0,100.0,5-8K_10,vary_OL,False,Different OL - estimate assumes same performance characteristics
5000.0,20.0,5.0,5000.0,10.0,False,5.0,1,5.0,5.0,100.0,5-8K_10,vary_OL,False,Different OL - estimate assumes same performance characteristics
2500.0,10.0,5.0,5000.0,10.0,False,5.0,1,5.0,5.0,100.0,5-8K_10,vary_IL,False,Different IL - estimate assumes same performance characteristics
5000.0,10.0,5.0,5000.0,10.0,True,5.0,1,5.0,5.0,100.0,5-8K_10,vary_IL,False,Different IL - estimate assumes same performance characteristics
7500.0,10.0,5.0,5000.0,10.0,False,5.0,1,5.0,5.0,100.0,5-8K_10,vary_IL,False,Different IL - estimate assumes same performance characteristics
10000.0,10.0,5.0,5000.0,10.0,False,5.0,1,5.0,5.0,100.0,5-8K_10,vary_IL,False,Different IL - estimate assumes same performance characteristics
1000.0,10.0,19.0,1000.0,10.0,True,38.0,1,38.0,38.0,50.0,1K_10,vary_RPS,True,
1000.0,10.0,38.0,1000.0,10.0,True,38.0,1,38.0,38.0,100.0,1K_10,vary_RPS,True,
1000.0,10.0,57.0,1000.0,10.0,True,38.0,2,38.0,76.0,75.0,1K_10,vary_RPS,True,
1000.0,10.0,76.0,1000.0,10.0,True,38.0,2,38.0,76.0,100.0,1K_10,vary_RPS,True,
1000.0,10.0,114.0,1000.0,10.0,True,38.0,3,38.0,114.0,100.0,1K_10,vary_RPS,True,
1000.0,10.0,190.0,1000.0,10.0,True,38.0,5,38.0,190.0,100.0,1K_10,vary_RPS,True,
1000.0,5.0,38.0,1000.0,10.0,False,38.0,1,38.0,38.0,100.0,1K_10,vary_OL,False,Different OL - estimate assumes same performance characteristics
1000.0,10.0,38.0,1000.0,10.0,True,38.0,1,38.0,38.0,100.0,1K_10,vary_OL,False,Different OL - estimate assumes same performance characteristics
1000.0,15.0,38.0,1000.0,10.0,False,38.0,1,38.0,38.0,100.0,1K_10,vary_OL,False,Different OL - estimate assumes same performance characteristics
1000.0,20.0,38.0,1000.0,10.0,False,38.0,1,38.0,38.0,100.0,1K_10,vary_OL,False,Different OL - estimate assumes same performance characteristics
500.0,10.0,38.0,1000.0,10.0,False,38.0,1,38.0,38.0,100.0,1K_10,vary_IL,False,Different IL - estimate assumes same performance characteristics
1000.0,10.0,38.0,1000.0,10.0,True,38.0,1,38.0,38.0,100.0,1K_10,vary_IL,False,Different IL - estimate assumes same performance characteristics
1500.0,10.0,38.0,1000.0,10.0,False,38.0,1,38.0,38.0,100.0,1K_10,vary_IL,False,Different IL - estimate assumes same performance characteristics
2000.0,10.0,38.0,1000.0,10.0,False,38.0,1,38.0,38.0,100.0,1K_10,vary_IL,False,Different IL - estimate assumes same performance characteristics
4000.0,20.0,4.0,4000.0,20.0,True,8.0,1,8.0,8.0,50.0,4K_20,vary_RPS,True,
4000.0,20.0,8.0,4000.0,20.0,True,8.0,1,8.0,8.0,100.0,4K_20,vary_RPS,True,
4000.0,20.0,12.0,4000.0,20.0,True,8.0,2,8.0,16.0,75.0,4K_20,vary_RPS,True,
4000.0,20.0,16.0,4000.0,20.0,True,8.0,2,8.0,16.0,100.0,4K_20,vary_RPS,True,
4000.0,20.0,24.0,4000.0,20.0,True,8.0,3,8.0,24.0,100.0,4K_20,vary_RPS,True,
4000.0,20.0,40.0,4000.0,20.0,True,8.0,5,8.0,40.0,100.0,4K_20,vary_RPS,True,
4000.0,10.0,8.0,4000.0,20.0,False,8.0,1,8.0,8.0,100.0,4K_20,vary_OL,False,Different OL - estimate assumes same performance characteristics
4000.0,20.0,8.0,4000.0,20.0,True,8.0,1,8.0,8.0,100.0,4K_20,vary_OL,False,Different OL - estimate assumes same performance characteristics
4000.0,30.0,8.0,4000.0,20.0,False,8.0,1,8.0,8.0,100.0,4K_20,vary_OL,False,Different OL - estimate assumes same performance characteristics
4000.0,40.0,8.0,4000.0,20.0,False,8.0,1,8.0,8.0,100.0,4K_20,vary_OL,False,Different OL - estimate assumes same performance characteristics
2000.0,20.0,8.0,4000.0,20.0,False,8.0,1,8.0,8.0,100.0,4K_20,vary_IL,False,Different IL - estimate assumes same performance characteristics
4000.0,20.0,8.0,4000.0,20.0,True,8.0,1,8.0,8.0,100.0,4K_20,vary_IL,False,Different IL - estimate assumes same performance characteristics
6000.0,20.0,8.0,4000.0,20.0,False,8.0,1,8.0,8.0,100.0,4K_20,vary_IL,False,Different IL - estimate assumes same performance characteristics
8000.0,20.0,8.0,4000.0,20.0,False,8.0,1,8.0,8.0,100.0,4K_20,vary_IL,False,Different IL - estimate assumes same performance characteristics
